Workbook

Sheet Tabela de Jogos
A1: Torneio Interno – Planilha de Jogos
D2: {=SUMPRODUCT(('Tabela de Jogos'!$C$4:$C$13=B2)*('Tabela de Jogos'!$D$4:$D$13>'Tabela de Jogos'!$F$4:$F$13))+SUMPRODUCT('Tabela de Jogos'!$G$4:$G$13='Tabela de Jogos'!A4B2)} -> #NAME?
A3: Data | B3: HOR | C3: Time A | D3: Placar A | E3: x | F3: Placar B | G3: Time B
A4: 46248 | B4: 20h30 | C4: Zebra | D4: 0 | E4: x | F4: 3 | G4: Dálmata
A5: 46248 | B5: 21h30 | C5: Girafa | D5: 1 | E5: x | F5: 2 | G5: Onça
A6: 46255 | B6: 20h30 | C6: Zebra | D6: 1 | E6: x | F6: 2 | G6: Tigre
A7: 46255 | B7: 21h30 | C7: Dálmata | D7: 1 | E7: x | F7: 2 | G7: Girafa
A8: 46262 | B8: 20h30 | C8: Onça | D8: 0 | E8: x | F8: 3 | G8: Tigre
A9: 46262 | B9: 21h30 | C9: Zebra | D9: 0 | E9: x | F9: 3 | G9: Girafa
A10: 46276 | B10: 20h30 | C10: Onça | D10: 1 | E10: x | F10: 2 | G10: Dálmata
A11: 46276 | B11: 21h30 | C11: Girafa | E11: x | G11: Tigre
A12: 46283 | B12: 20h30 | C12: Onça | E12: x | G12: Zebra
A13: 46283 | B13: 21h30 | C13: Dálmata | E13: x | G13: Tigre
A14: SEMIFINAIS
A15: 46290 | B15: 20h30 | C15: 1° Lugar | E15: x | G15: 4° Lugar
A16: 46290 | B16: 21h30 | C16: 2° Lugar | E16: x | G16: 3° Lugar
A17: DISPUTA 3º LUGAR
A18: 46297 | B18: 20h30 | C18: Perdedor Semi 1 | E18: x | G18: Perdedor Semi 2
A20: FINAL
A21: 46297 | B21: 21h30 | C21: Vencedor Semi 1 | E21: x | G21: Vencedor Semi 2

Sheet Classificação
A1: Pos. | B1: Time | C1: Jogos | D1: Vitória | E1: Derrota | F1: Pontos | G1: Sets Pró | H1: Sets Contra | I1: Saldo
A2: 1 | B2: {=_xlfn.UNIQUE('Tabela de Jogos'!G4:G13)} -> Dálmata | C2: =COUNTIFS('Tabela de Jogos'!$C$4:$C$13,B2,'Tabela de Jogos'!$D$4:$D$13,"<>") + COUNTIFS('Tabela de Jogos'!$G$5:$G$14,B2,'Tabela de Jogos'!$F$4:$F$13,"<>") -> 2 | D2: {=SUMPRODUCT(('Tabela de Jogos'!$C$4:$C$13=B2)*('Tabela de Jogos'!$D$4:$D$13>'Tabela de Jogos'!$F$4:$F$13))+SUMPRODUCT(('Tabela de Jogos'!$G$4:$G$13=B2)*('Tabela de Jogos'!$F$4:$F$13>'Tabela de Jogos'!$D$4:$D$13))} -> 2 | E2: {=SUMPRODUCT(('Tabela de Jogos'!$C$4:$C$13=B2)*('Tabela de Jogos'!$D$4:$D$13<'Tabela de Jogos'!$F$4:$F$13))+SUMPRODUCT(('Tabela de Jogos'!$G$4:$G$13=B2)*('Tabela de Jogos'!$F$4:$F$13<'Tabela de Jogos'!$D$4:$D$13))} -> 1 | F2: =SUMIF('Tabela de Jogos'!$C$4:$C$13,B2,'Tabela de Jogos'!$D$4:$D$13) + SUMIF('Tabela de Jogos'!$G$4:$G$13,B2,'Tabela de Jogos'!$F$4:$F$13) -> 6 | G2: {=SUMPRODUCT(('Tabela de Jogos'!$C$4:$C$13=B2)*('Tabela de Jogos'!$D$4:$D$13<>"")*'Tabela de Jogos'!$D$4:$D$13)+SUMPRODUCT(('Tabela de Jogos'!$G$4:$G$13=B2)*('Tabela de Jogos'!$F$4:$F$13<>"")*'Tabela de Jogos'!$F$4:$F$13)} -> 6 | H2: {=SUMPRODUCT(('Tabela de Jogos'!$C$4:$C$13=B2)*('Tabela de Jogos'!$D$4:$D$13<>"")*'Tabela de Jogos'!$F$4:$F$13)+SUMPRODUCT(('Tabela de Jogos'!$G$4:$G$13=B2)*('Tabela de Jogos'!$F$4:$F$13<>"")*'Tabela de Jogos'!$D$4:$D$13)} -> 3 | I2: =G2-H2 -> 3
A3: 2 | B3: Onça | C3: =COUNTIFS('Tabela de Jogos'!$C$4:$C$13,B3,'Tabela de Jogos'!$D$4:$D$13,"<>") + COUNTIFS('Tabela de Jogos'!$G$5:$G$14,B3,'Tabela de Jogos'!$F$4:$F$13,"<>") -> 3 | D3: {=SUMPRODUCT(('Tabela de Jogos'!$C$4:$C$13=B3)*('Tabela de Jogos'!$D$4:$D$13>'Tabela de Jogos'!$F$4:$F$13))+SUMPRODUCT(('Tabela de Jogos'!$G$4:$G$13=B3)*('Tabela de Jogos'!$F$4:$F$13>'Tabela de Jogos'!$D$4:$D$13))} -> 1 | E3: {=SUMPRODUCT(('Tabela de Jogos'!$C$4:$C$13=B3)*('Tabela de Jogos'!$D$4:$D$13<'Tabela de Jogos'!$F$4:$F$13))+SUMPRODUCT(('Tabela de Jogos'!$G$4:$G$13=B3)*('Tabela de Jogos'!$F$4:$F$13<'Tabela de Jogos'!$D$4:$D$13))} -> 2 | F3: =SUMIF('Tabela de Jogos'!$C$4:$C$13,B3,'Tabela de Jogos'!$D$4:$D$13) + SUMIF('Tabela de Jogos'!$G$4:$G$13,B3,'Tabela de Jogos'!$F$4:$F$13) -> 3 | G3: {=SUMPRODUCT(('Tabela de Jogos'!$C$4:$C$13=B3)*('Tabela de Jogos'!$D$4:$D$13<>"")*'Tabela de Jogos'!$D$4:$D$13)+SUMPRODUCT(('Tabela de Jogos'!$G$4:$G$13=B3)*('Tabela de Jogos'!$F$4:$F$13<>"")*'Tabela de Jogos'!$F$4:$F$13)} -> 3 | H3: {=SUMPRODUCT(('Tabela de Jogos'!$C$4:$C$13=B3)*('Tabela de Jogos'!$D$4:$D$13<>"")*'Tabela de Jogos'!$F$4:$F$13)+SUMPRODUCT(('Tabela de Jogos'!$G$4:$G$13=B3)*('Tabela de Jogos'!$F$4:$F$13<>"")*'Tabela de Jogos'!$D$4:$D$13)} -> 6 | I3: =G3-H3 -> -3
A4: 3 | B4: Tigre | C4: =COUNTIFS('Tabela de Jogos'!$C$4:$C$13,B4,'Tabela de Jogos'!$D$4:$D$13,"<>") + COUNTIFS('Tabela de Jogos'!$G$5:$G$14,B4,'Tabela de Jogos'!$F$4:$F$13,"<>") -> 3 | D4: {=SUMPRODUCT(('Tabela de Jogos'!$C$4:$C$13=B4)*('Tabela de Jogos'!$D$4:$D$13>'Tabela de Jogos'!$F$4:$F$13))+SUMPRODUCT(('Tabela de Jogos'!$G$4:$G$13=B4)*('Tabela de Jogos'!$F$4:$F$13>'Tabela de Jogos'!$D$4:$D$13))} -> 2 | E4: {=SUMPRODUCT(('Tabela de Jogos'!$C$4:$C$13=B4)*('Tabela de Jogos'!$D$4:$D$13<'Tabela de Jogos'!$F$4:$F$13))+SUMPRODUCT(('Tabela de Jogos'!$G$4:$G$13=B4)*('Tabela de Jogos'!$F$4:$F$13<'Tabela de Jogos'!$D$4:$D$13))} -> 0 | F4: =SUMIF('Tabela de Jogos'!$C$4:$C$13,B4,'Tabela de Jogos'!$D$4:$D$13) + SUMIF('Tabela de Jogos'!$G$4:$G$13,B4,'Tabela de Jogos'!$F$4:$F$13) -> 5 | G4: {=SUMPRODUCT(('Tabela de Jogos'!$C$4:$C$13=B4)*('Tabela de Jogos'!$D$4:$D$13<>"")*'Tabela de Jogos'!$D$4:$D$13)+SUMPRODUCT(('Tabela de Jogos'!$G$4:$G$13=B4)*('Tabela de Jogos'!$F$4:$F$13<>"")*'Tabela de Jogos'!$F$4:$F$13)} -> 5 | H4: {=SUMPRODUCT(('Tabela de Jogos'!$C$4:$C$13=B4)*('Tabela de Jogos'!$D$4:$D$13<>"")*'Tabela de Jogos'!$F$4:$F$13)+SUMPRODUCT(('Tabela de Jogos'!$G$4:$G$13=B4)*('Tabela de Jogos'!$F$4:$F$13<>"")*'Tabela de Jogos'!$D$4:$D$13)} -> 1 | I4: =G4-H4 -> 4
A5: 4 | B5: Girafa | C5: =COUNTIFS('Tabela de Jogos'!$C$4:$C$13,B5,'Tabela de Jogos'!$D$4:$D$13,"<>") + COUNTIFS('Tabela de Jogos'!$G$5:$G$14,B5,'Tabela de Jogos'!$F$4:$F$13,"<>") -> 3 | D5: {=SUMPRODUCT(('Tabela de Jogos'!$C$4:$C$13=B5)*('Tabela de Jogos'!$D$4:$D$13>'Tabela de Jogos'!$F$4:$F$13))+SUMPRODUCT(('Tabela de Jogos'!$G$4:$G$13=B5)*('Tabela de Jogos'!$F$4:$F$13>'Tabela de Jogos'!$D$4:$D$13))} -> 2 | E5: {=SUMPRODUCT(('Tabela de Jogos'!$C$4:$C$13=B5)*('Tabela de Jogos'!$D$4:$D$13<'Tabela de Jogos'!$F$4:$F$13))+SUMPRODUCT(('Tabela de Jogos'!$G$4:$G$13=B5)*('Tabela de Jogos'!$F$4:$F$13<'Tabela de Jogos'!$D$4:$D$13))} -> 1 | F5: =SUMIF('Tabela de Jogos'!$C$4:$C$13,B5,'Tabela de Jogos'!$D$4:$D$13) + SUMIF('Tabela de Jogos'!$G$4:$G$13,B5,'Tabela de Jogos'!$F$4:$F$13) -> 6 | G5: {=SUMPRODUCT(('Tabela de Jogos'!$C$4:$C$13=B5)*('Tabela de Jogos'!$D$4:$D$13<>"")*'Tabela de Jogos'!$D$4:$D$13)+SUMPRODUCT(('Tabela de Jogos'!$G$4:$G$13=B5)*('Tabela de Jogos'!$F$4:$F$13<>"")*'Tabela de Jogos'!$F$4:$F$13)} -> 6 | H5: {=SUMPRODUCT(('Tabela de Jogos'!$C$4:$C$13=B5)*('Tabela de Jogos'!$D$4:$D$13<>"")*'Tabela de Jogos'!$F$4:$F$13)+SUMPRODUCT(('Tabela de Jogos'!$G$4:$G$13=B5)*('Tabela de Jogos'!$F$4:$F$13<>"")*'Tabela de Jogos'!$D$4:$D$13)} -> 3 | I5: =G5-H5 -> 3
A6: 5 | B6: Zebra | C6: =COUNTIFS('Tabela de Jogos'!$C$4:$C$13,B6,'Tabela de Jogos'!$D$4:$D$13,"<>") + COUNTIFS('Tabela de Jogos'!$G$5:$G$14,B6,'Tabela de Jogos'!$F$4:$F$13,"<>") -> 3 | D6: {=SUMPRODUCT(('Tabela de Jogos'!$C$4:$C$13=B6)*('Tabela de Jogos'!$D$4:$D$13>'Tabela de Jogos'!$F$4:$F$13))+SUMPRODUCT(('Tabela de Jogos'!$G$4:$G$13=B6)*('Tabela de Jogos'!$F$4:$F$13>'Tabela de Jogos'!$D$4:$D$13))} -> 0 | E6: {=SUMPRODUCT(('Tabela de Jogos'!$C$4:$C$13=B6)*('Tabela de Jogos'!$D$4:$D$13<'Tabela de Jogos'!$F$4:$F$13))+SUMPRODUCT(('Tabela de Jogos'!$G$4:$G$13=B6)*('Tabela de Jogos'!$F$4:$F$13<'Tabela de Jogos'!$D$4:$D$13))} -> 3 | F6: =SUMIF('Tabela de Jogos'!$C$4:$C$13,B6,'Tabela de Jogos'!$D$4:$D$13) + SUMIF('Tabela de Jogos'!$G$4:$G$13,B6,'Tabela de Jogos'!$F$4:$F$13) -> 1 | G6: {=SUMPRODUCT(('Tabela de Jogos'!$C$4:$C$13=B6)*('Tabela de Jogos'!$D$4:$D$13<>"")*'Tabela de Jogos'!$D$4:$D$13)+SUMPRODUCT(('Tabela de Jogos'!$G$4:$G$13=B6)*('Tabela de Jogos'!$F$4:$F$13<>"")*'Tabela de Jogos'!$F$4:$F$13)} -> 1 | H6: {=SUMPRODUCT(('Tabela de Jogos'!$C$4:$C$13=B6)*('Tabela de Jogos'!$D$4:$D$13<>"")*'Tabela de Jogos'!$F$4:$F$13)+SUMPRODUCT(('Tabela de Jogos'!$G$4:$G$13=B6)*('Tabela de Jogos'!$F$4:$F$13<>"")*'Tabela de Jogos'!$D$4:$D$13)} -> 8 | I6: =G6-H6 -> -7
A9: Pos. | B9: Time | C9: Jogos | D9: Vitória | E9: Derrota | F9: Pontos | G9: Sets Pró | H9: Sets Contra | I9: Saldo
A10: 1 | B10: {=_xlfn.SORTBY(B2:I6,F2:F6,-1)} -> Dálmata | C10: 2 | D10: 2 | E10: 1 | F10: 6 | G10: 6 | H10: 3 | I10: 3
A11: 2 | B11: Girafa | C11: 3 | D11: 2 | E11: 1 | F11: 6 | G11: 6 | H11: 3 | I11: 3
A12: 3 | B12: Tigre | C12: 3 | D12: 2 | E12: 0 | F12: 5 | G12: 5 | H12: 1 | I12: 4
A13: 4 | B13: Onça | C13: 3 | D13: 1 | E13: 2 | F13: 3 | G13: 3 | H13: 6 | I13: -3
A14: 5 | B14: Zebra | C14: 3 | D14: 0 | E14: 3 | F14: 1 | G14: 1 | H14: 8 | I14: -7
